{
  "QGTM": {
    "mean": [
      0.9850562500000001,
      0.9702249999999999,
      0.9555062500000002,
      0.92640625,
      0.8977562500000001,
      0.8556250000000002
    ],
    "ci": [
      0.0,
      1.0880185641326534e-16,
      1.0880185641326534e-16,
      0.0,
      1.0880185641326534e-16,
      0.0
    ]
  },
  "VCG": {
    "mean": [
      0.9555045625,
      0.9411182499999999,
      0.9268410625000001,
      0.8986140625000001,
      0.8708235625,
      0.8299562500000001
    ],
    "ci": [
      0.0,
      0.0,
      0.0,
      0.0,
      0.0,
      0.0
    ]
  }
}