{
  "QGTM": {
    "mean": [
      0.0,
      0.15,
      0.2860371777604326,
      0.18374360185323851,
      0.4396149694405489,
      0.3688074879201345,
      0.5251297468335002
    ],
    "ci": [
      0.0,
      0.12002499739637573,
      0.1697280136351597,
      0.2558814417274445,
      0.14836976595978232,
      0.10577878294591646,
      0.22128870690266647
    ]
  },
  "VCG": {
    "mean": [
      0.96,
      0.897,
      0.834,
      0.7709999999999999,
      0.708,
      0.645,
      0.582
    ],
    "ci": [
      0.0,
      0.0,
      0.0,
      0.0,
      0.0,
      0.0,
      0.0
    ]
  },
  "QNonIC": {
    "mean": [
      0.95,
      0.8719999999999999,
      0.7939999999999999,
      0.716,
      0.6379999999999999,
      0.5599999999999999,
      0.48200000000000004
    ],
    "ci": [
      0.0,
      0.0,
      0.0,
      0.0,
      0.0,
      0.0,
      5.440092820663267e-17
    ]
  },
  "MMF": {
    "mean": [
      0.9200000000000002,
      0.8420000000000002,
      0.764,
      0.686,
      0.608,
      0.53,
      0.45200000000000007
    ],
    "ci": [
      1.0880185641326534e-16,
      1.0880185641326534e-16,
      0.0,
      0.0,
      0.0,
      0.0,
      0.0
    ]
  }
}