{
  "QGTM": {
    "mean": [
      0.0,
      0.15,
      0.2853318087384049,
      0.18344445935226314,
      0.434650886456973,
      0.36813499028056357,
      0.5259117336234274
    ],
    "ci": [
      0.0,
      0.12002499739637573,
      0.16872265389497096,
      0.2553370187261533,
      0.1492699070062345,
      0.1053470237312532,
      0.22572976460852695
    ]
  },
  "VCG": {
    "mean": [
      0.96,
      0.897,
      0.834,
      0.7709999999999999,
      0.708,
      0.645,
      0.582
    ],
    "ci": [
      0.0,
      0.0,
      0.0,
      0.0,
      0.0,
      0.0,
      0.0
    ]
  },
  "QNonIC": {
    "mean": [
      0.95,
      0.8719999999999999,
      0.7939999999999999,
      0.716,
      0.6379999999999999,
      0.5599999999999999,
      0.48200000000000004
    ],
    "ci": [
      0.0,
      0.0,
      0.0,
      0.0,
      0.0,
      0.0,
      5.440092820663267e-17
    ]
  },
  "MMF": {
    "mean": [
      0.9200000000000002,
      0.8420000000000002,
      0.764,
      0.686,
      0.608,
      0.53,
      0.45200000000000007
    ],
    "ci": [
      1.0880185641326534e-16,
      1.0880185641326534e-16,
      0.0,
      0.0,
      0.0,
      0.0,
      0.0
    ]
  }
}