{
  "social_welfare": {
    "mean": [
      -15.842686757543044,
      -12.99626562827479,
      -25.727667919663816,
      -21.173765226207994,
      -30.011114459068427
    ],
    "ci": [
      13.709684740882066,
      17.018206477020204,
      37.78516432474893,
      30.81711033770058,
      40.59771087173777
    ]
  },
  "jain_index": {
    "mean": [
      0.38664674094708873,
      0.24105604110004583,
      0.2849333878436187,
      0.28210648766793156,
      0.297426828369652
    ],
    "ci": [
      0.13477017077359169,
      0.20944418370601228,
      0.16859141742528347,
      0.26096513579486624,
      0.2831843305645954
    ]
  },
  "avg_fidelity": {
    "mean": [
      0.9,
      0.9,
      0.9,
      0.9,
      0.9
    ],
    "ci": [
      0.0,
      0.0,
      0.0,
      0.0,
      0.0
    ]
  },
  "sgr": {
    "mean": [
      0.6330535255146437,
      0.8,
      0.6276529218066801,
      0.8033013685160661,
      0.8
    ],
    "ci": [
      0.4404688023474706,
      0.39200000000000007,
      0.4470889193680649,
      0.3855293177085107,
      0.39200000000000007
    ]
  }
}