{
  "social_welfare": {
    "mean": [
      -16.063309121513868,
      -13.840526063580773,
      -24.098432866872333,
      -20.322058638305457,
      -27.202237861306905
    ],
    "ci": [
      13.954534894909612,
      17.85439768402343,
      35.23425281053542,
      29.790905875956287,
      38.84713172884707
    ]
  },
  "jain_index": {
    "mean": [
      0.3878807771064254,
      0.24113274458293774,
      0.28452966162671783,
      0.28100792484785997,
      0.29651231734588923
    ],
    "ci": [
      0.13440535116161315,
      0.20947581356531744,
      0.16818057416655993,
      0.2592817419517272,
      0.2828199487790251
    ]
  },
  "avg_fidelity": {
    "mean": [
      0.9,
      0.9,
      0.9,
      0.9,
      0.9
    ],
    "ci": [
      0.0,
      0.0,
      0.0,
      0.0,
      0.0
    ]
  },
  "sgr": {
    "mean": [
      0.6332577819910915,
      0.8,
      0.6265514884761918,
      0.8023151080198441,
      0.8
    ],
    "ci": [
      0.4402122930005358,
      0.39200000000000007,
      0.44838675151275903,
      0.3874623882811056,
      0.39200000000000007
    ]
  }
}