{
  "QGTM": {
    "mean": [
      1.076059322347127,
      -11.438024482371912,
      -11.364634752866424,
      -21.303416700177234
    ],
    "ci": [
      0.06243863910335692,
      24.485991945886205,
      16.196493876328613,
      15.224838827417699
    ]
  },
  "VCG": {
    "mean": [
      0.77149,
      0.763435,
      0.7553799999999999,
      0.747325
    ],
    "ci": [
      0.0,
      0.0,
      0.0,
      0.0
    ]
  },
  "QNonIC": {
    "mean": [
      0.725666,
      0.717074,
      0.708482,
      0.6998899999999999
    ],
    "ci": [
      0.0,
      0.0,
      0.0,
      0.0
    ]
  },
  "MMF": {
    "mean": [
      0.65693,
      0.64977,
      0.64261,
      0.63545
    ],
    "ci": [
      0.0,
      0.0,
      0.0,
      0.0
    ]
  },
  "PF": {
    "mean": [
      0.68378,
      0.67662,
      0.66946,
      0.6623
    ],
    "ci": [
      0.0,
      0.0,
      0.0,
      0.0
    ]
  }
}