{
  "QGTM": {
    "mean": 2071788.8160900143,
    "std": 2537411.527329937,
    "ci": 1657775.531188892
  },
  "VCG": {
    "mean": 2.3896787180098853,
    "std": 0.09065429013277805,
    "ci": 0.059227469553414985
  },
  "QNonIC": {
    "mean": 2.804836930293382,
    "std": 0.19065155233653502,
    "ci": 0.12455901419320287
  },
  "MMF": {
    "mean": 2.5332366854835806,
    "std": 0.13552692663957105,
    "ci": 0.0885442587378531
  },
  "PF": {
    "mean": 2.538637666389182,
    "std": 0.155353105051377,
    "ci": 0.10149736196689964
  }
}