{
  "QGTM": {
    "mean": [
      1.0752559699149893,
      -10.16569062336864,
      -10.966873922806617,
      -20.834673830917424
    ],
    "ci": [
      0.061865793888286336,
      21.991632132975216,
      15.624302657687526,
      14.337360651232789
    ]
  },
  "VCG": {
    "mean": [
      0.77149,
      0.763435,
      0.7553799999999999,
      0.747325
    ],
    "ci": [
      0.0,
      0.0,
      0.0,
      0.0
    ]
  },
  "QNonIC": {
    "mean": [
      0.725666,
      0.717074,
      0.708482,
      0.6998899999999999
    ],
    "ci": [
      0.0,
      0.0,
      0.0,
      0.0
    ]
  },
  "MMF": {
    "mean": [
      0.65693,
      0.64977,
      0.64261,
      0.63545
    ],
    "ci": [
      0.0,
      0.0,
      0.0,
      0.0
    ]
  },
  "PF": {
    "mean": [
      0.68378,
      0.67662,
      0.66946,
      0.6623
    ],
    "ci": [
      0.0,
      0.0,
      0.0,
      0.0
    ]
  }
}