{
  "QGTM": {
    "mean": [
      0.0,
      0.15,
      0.28397287514610425,
      0.18423047579431123,
      0.43456717187694405,
      0.37004655210270154,
      0.5291826507756768
    ],
    "ci": [
      0.0,
      0.12002499739637573,
      0.16759307931544154,
      0.2567679202012577,
      0.14765935938969357,
      0.10520197408046073,
      0.2273690205968649
    ]
  },
  "VCG": {
    "mean": [
      0.96,
      0.897,
      0.834,
      0.7709999999999999,
      0.708,
      0.645,
      0.582
    ],
    "ci": [
      0.0,
      0.0,
      0.0,
      0.0,
      0.0,
      0.0,
      0.0
    ]
  },
  "QNonIC": {
    "mean": [
      0.95,
      0.8719999999999999,
      0.7939999999999999,
      0.716,
      0.6379999999999999,
      0.5599999999999999,
      0.48200000000000004
    ],
    "ci": [
      0.0,
      0.0,
      0.0,
      0.0,
      0.0,
      0.0,
      5.440092820663267e-17
    ]
  },
  "MMF": {
    "mean": [
      0.9200000000000002,
      0.8420000000000002,
      0.764,
      0.686,
      0.608,
      0.53,
      0.45200000000000007
    ],
    "ci": [
      1.0880185641326534e-16,
      1.0880185641326534e-16,
      0.0,
      0.0,
      0.0,
      0.0,
      0.0
    ]
  }
}