{
  "QGTM": {
    "mean": [
      1.0752849128045976,
      -10.399795812441099,
      -12.535903649483107,
      -22.09457194078979
    ],
    "ci": [
      0.061925553758545394,
      22.452242818171765,
      17.84634811289993,
      16.157504438806384
    ]
  },
  "VCG": {
    "mean": [
      0.77149,
      0.763435,
      0.7553799999999999,
      0.747325
    ],
    "ci": [
      0.0,
      0.0,
      0.0,
      0.0
    ]
  },
  "QNonIC": {
    "mean": [
      0.725666,
      0.717074,
      0.708482,
      0.6998899999999999
    ],
    "ci": [
      0.0,
      0.0,
      0.0,
      0.0
    ]
  },
  "MMF": {
    "mean": [
      0.65693,
      0.64977,
      0.64261,
      0.63545
    ],
    "ci": [
      0.0,
      0.0,
      0.0,
      0.0
    ]
  },
  "PF": {
    "mean": [
      0.68378,
      0.67662,
      0.66946,
      0.6623
    ],
    "ci": [
      0.0,
      0.0,
      0.0,
      0.0
    ]
  }
}