{
  "social_welfare": {
    "mean": [
      -15.502531056883512,
      -15.26049404693011,
      -25.59621674052605,
      -20.478279800231252,
      -31.2124145938674
    ],
    "ci": [
      13.46184853830901,
      19.572791754597887,
      37.17463753095397,
      29.666781734602207,
      41.55460825671717
    ]
  },
  "jain_index": {
    "mean": [
      0.3845035104661351,
      0.24164839072013944,
      0.28404511787186787,
      0.27897292317326705,
      0.2963902593079901
    ],
    "ci": [
      0.13274305324602653,
      0.210081691974023,
      0.16762536172491968,
      0.2563216298580015,
      0.2824791614241937
    ]
  },
  "avg_fidelity": {
    "mean": [
      0.9,
      0.9,
      0.9,
      0.9,
      0.9
    ],
    "ci": [
      0.0,
      0.0,
      0.0,
      0.0,
      0.0
    ]
  },
  "sgr": {
    "mean": [
      0.6336259768232121,
      0.8,
      0.627281599204494,
      0.8031816089297777,
      0.8
    ],
    "ci": [
      0.43978574087316485,
      0.39200000000000007,
      0.4475185108902999,
      0.3857640464976357,
      0.39200000000000007
    ]
  }
}