{
  "QGTM": {
    "mean": [
      0.0,
      0.15,
      0.28449902719915326,
      0.18456494340846413,
      0.43494463526731464,
      0.36803520757082653,
      0.5267182314288169
    ],
    "ci": [
      0.0,
      0.12002499739637573,
      0.16809200132666555,
      0.257377184949271,
      0.1491950718199794,
      0.10537719304853038,
      0.2281425946949073
    ]
  },
  "VCG": {
    "mean": [
      0.96,
      0.897,
      0.834,
      0.7709999999999999,
      0.708,
      0.645,
      0.582
    ],
    "ci": [
      0.0,
      0.0,
      0.0,
      0.0,
      0.0,
      0.0,
      0.0
    ]
  },
  "QNonIC": {
    "mean": [
      0.95,
      0.8719999999999999,
      0.7939999999999999,
      0.716,
      0.6379999999999999,
      0.5599999999999999,
      0.48200000000000004
    ],
    "ci": [
      0.0,
      0.0,
      0.0,
      0.0,
      0.0,
      0.0,
      5.440092820663267e-17
    ]
  },
  "MMF": {
    "mean": [
      0.9200000000000002,
      0.8420000000000002,
      0.764,
      0.686,
      0.608,
      0.53,
      0.45200000000000007
    ],
    "ci": [
      1.0880185641326534e-16,
      1.0880185641326534e-16,
      0.0,
      0.0,
      0.0,
      0.0,
      0.0
    ]
  }
}