{
  "QGTM": {
    "mean": [
      1.0754641961659832,
      -10.93030553374264,
      -10.987353260865996,
      -21.295735301711755
    ],
    "ci": [
      0.062124578113131955,
      23.491018659244883,
      15.647970286289036,
      15.382428546647834
    ]
  },
  "VCG": {
    "mean": [
      0.77149,
      0.763435,
      0.7553799999999999,
      0.747325
    ],
    "ci": [
      0.0,
      0.0,
      0.0,
      0.0
    ]
  },
  "QNonIC": {
    "mean": [
      0.725666,
      0.717074,
      0.708482,
      0.6998899999999999
    ],
    "ci": [
      0.0,
      0.0,
      0.0,
      0.0
    ]
  },
  "MMF": {
    "mean": [
      0.65693,
      0.64977,
      0.64261,
      0.63545
    ],
    "ci": [
      0.0,
      0.0,
      0.0,
      0.0
    ]
  },
  "PF": {
    "mean": [
      0.68378,
      0.67662,
      0.66946,
      0.6623
    ],
    "ci": [
      0.0,
      0.0,
      0.0,
      0.0
    ]
  }
}