{
  "social_welfare": {
    "mean": [
      -15.30718563982839,
      -14.412259326691593,
      -23.119363329634467,
      -20.361045303013167,
      -32.67029891210633
    ],
    "ci": [
      13.374799632171815,
      18.547677928965655,
      33.12603252977108,
      29.635004728347035,
      44.11397589980172
    ]
  },
  "jain_index": {
    "mean": [
      0.38680557911731867,
      0.24173558845717852,
      0.2849787796774387,
      0.28226131865633003,
      0.29544646521164286
    ],
    "ci": [
      0.1364381608031501,
      0.21012190088105215,
      0.16886390037481502,
      0.26111192220408685,
      0.2818860849284482
    ]
  },
  "avg_fidelity": {
    "mean": [
      0.9,
      0.9,
      0.9,
      0.9,
      0.9
    ],
    "ci": [
      0.0,
      0.0,
      0.0,
      0.0,
      0.0
    ]
  },
  "sgr": {
    "mean": [
      0.6332817250677939,
      0.8,
      0.6242080454095686,
      0.8029036796692022,
      0.8
    ],
    "ci": [
      0.44017129222554857,
      0.39200000000000007,
      0.4511023898744769,
      0.38630878784836364,
      0.39200000000000007
    ]
  }
}